何の[どの];この5つの中で、どのドラマが一番好きですか？;Parmis ces 5, quel drama aimez-vous le plus ?;25
始め[はじめ];始めにスープが出ます。;Une soupe sera servie au début.;311
本当は[ほんとうは];彼が本当は何が欲しいのかわからない。;Je ne sais vraiment pas ce qu'il veut vraiment.;315
六[ろく];かれ に は こども が ろくにん います;Il a six enfants.;347
から;ここからタワーが見えるよ。;On peut voir la tour d'ici.;348
ええ;ええ、私も知りたいです。;Oui, j'aimerais bien le savoir aussi.;355
へえ;へえ、それは知りませんでした。;Ah bon, je ne savais pas ça.;371
こんな;こんな靴がほしかった。;Je voulais des chaussures comme celles-ci.;372
鼻[はな];豚の鼻はおもしろいですね。;Le nez des cochons est drôle.;383
机[つくえ];王さんの机はどれですか。;Lequel est le bureau de M. Ou ?;387
ううん;ううん、見なかった。;Non, je ne l'ai pas vu.;398
二つ[ふたつ];明日、二つ会議がある。;Il y aura deux réunions demain.;423
撮る[とる];しゃしん を たくさん とりました;J'ai pris beaucoup de photos.;424
じゃ;いいね。じゃ、行こう！;Super. Allez, on y va !;425
カレー;日本ではカレーが甘いです。;Au Japon, le curry est doux.;444
箸[はし];お箸つけますか？;Souhaitez-vous utiliser des baguettes ?;448
皿[さら];お皿を洗ってもらえませんか？;Pourriez-vous faire la vaisselle pour moi ?;456
お風呂[おふろ];あなたが電話したとき、私はお風呂に入っていたのです。;J'étais dans le bain quand tu as appelé.;479
厚い[あつい];その じしょ は とても あつい;Ce dictionnaire est très épais.;490
良い[よい];彼は良い人です。;Il est une bonne personne.;509
警官[けいかん];警官が街をパトロールしている。;Le policier patrouille dans la ville.;511
ご飯[ごはん];ご飯がおいしい。;Le repas est bon.;512
寒い[さむい];あなたの部屋は寒いですか？;Votre chambre est-elle froide ?;514
テープ;そのテープを聞きましょう。;Écoutons cette cassette.;515
散歩[さんぽ];彼女は今朝お父さんと散歩した。;Elle s'est promenée avec son père ce matin.;519
どうも;気にかけていただいてどうも。;Merci beaucoup de vous en soucier.;520
掃除[そうじ];トイレを掃除しましたか。;As-tu nettoyé les toilettes ?;523
でも;今日は学校がある。でも、病気で行けなかった。;Aujourd'hui, il y avait école. Mais parce que j'étais malade, je n'ai pas pu y aller.;525
失礼ですが[しつれいですが];失礼ですがどなたでしょうか。;Excusez-moi, mais qui êtes-vous ?;527
じゃあ;病気じゃありませんから、心配しないでください。;Je ne suis pas malade, alors ne vous inquiétez pas.;533
もしもし;もしもし、ジョンソンさんをお願いします。;Allô, passez-moi M. Johnson, svp.;536
お元気ですか[おげんきですか];奥様はお元気ですか。;Comment va votre femme ?;538
バター;バターはあまり好きではありません。;Je n'aime pas trop le beurre.;539
コート;寒いのでコートを着なければなりません。;Puisqu'il fait froid, je dois porter un manteau.;540
パーティー;パーティーは楽しむものです。;Une fête, c'est fait pour s'amuser.;543
お弁当[おべんとう];お弁当はよかったでしょう。;Le panier-repas était bon, n'est-ce pas ?;546
いらっしゃいませ;あなたも私たちと一緒にいらっしゃいませんか。;Ne viendriez-vous pas avec nous  (Respectueux);547
ベッド;新しいベッドを買いたい。;Je veux acheter un nouveau lit.;549
スカート;かのじょ は あまり スカート は はかない;Elle ne porte pas souvent de jupes.;558
洗濯[せんたく];メアリーは洗濯物を干してるよ。;Marie étend le linge.;561
幾つ[いくつ];弟さんって、お幾つですか？;Quel âge a votre petit frère ?;563
どうやって;この動画、どうやって作ったんですか？;Comment avez-vous réalisé cette vidéo ?;564
ギター;これは兄のギターです。;Ceci est la guitare de mon grand frère.;566
珈琲[コーヒー];喫茶店でコーヒーを飲む;Je bois un café dans un café.;569
易しい[やさしい];この踊りは易しいですよ。;Cette danse est facile !;570
茶碗[ちゃわん];この大きい茶碗は誰のですか。;A qui est ce grand bol ?;572
背が高い[せがたかい];こんなに背が高いホビットは見たことがないよ。;Je n'ai jamais vu un hobbit aussi grand auparavant.;578
お茶[おちゃ];お茶でも飲みませんか。;Voulez-vous prendre du thé ?;579
一万[いちまん];この靴は1万円です。;Ces chaussures sont à 10 000 yens.;582
一月[ひとつき];日本に一月ぐらいいました。;Je suis resté au Japon pendant environ un mois.;589
務める[つとめる];彼女は大きな会社に務めていたけど、やめた。;Elle travaillait dans une grande entreprise, mais elle a démissionné.;598
一千[いっせん];昨日、私は一千円で本を買いました。;Hier, j’ai acheté un livre pour 1000 yens.;605
体にいい[からだにいい];休むことは体にいいです。;Le fait de se reposer est bon pour la santé.;606
良かったら[よかったら];良かったら連れてくよ。;Je peux vous emmener si vous voulez.;609
時[じ];8時です。;Il est 8h.;610
四つ[よっつ];彼はドアが4つある車を持っています。;Il a une voiture qui a quatre portes.;612
立ち入り[たちいり]禁止[きんし];ここ は たちいりきんし です;Ici, c'est une zone interdite.;614
夕べ[ゆうべ];夕べはあまり暑くなかった。;Il n'a pas fait très chaud hier soir.;616
二百[にひゃく];私は二百円持っていたけど、使わなかった。;J'avais 200 yens, mais je ne les ai pas dépensés.;620
五つ[いつつ];彼は５つ新しい単語を覚えました。;Il a mémorisé cinq nouveaux mots.;622
五十[ごじゅう];かいてんずしで、五十さらたべた。;J'ai mangé cinquante assiettes à sushi sur tapis roulant.;626
何方[どっち];どっち の いろ が すき です か 。;Quelle couleur aimes-tu? (fam.);636
お酒[おさけ];私はあまりお酒を飲みません。;Je ne bois pas beaucoup d'alcool.;641
四十[よんじゅう];Tシャツを四十まいもっています。;J'ai quarante tee-shirts.;642
七つ[ななつ];七つの海の名前は何ですか。;Quels sont les noms des sept mers ?;646
音を出す[おとをだす];彼女はピアノで高い音を出した。;Elle a sorti une note aiguë au piano.;647
スリッパ;スリッパ を はいて ください;Portez des pantoufles s'il vous plaît.;652
十[じゅう];十二時;douze heures;655
何方[どちら];お手洗いはどちらですか。;Où se trouvent les toilettes ? (poli);658
朝ご飯[あさごはん];朝ご飯はサンドイッチでした。;Pour le petit-déjeuner, c'était un sandwich. ;659
四千[よんせん];フォロワーが四千人になりました。;J'ai atteint quatre mille followers.;661
如何[どう];事はどうですか？;Le travail, comment ça va ?;665
八つ[やっつ];この赤いリンゴを8つください。;Veuillez me donner huit de ces pommes rouges.;669
二[に];その人には二回会った。;J'ai rencontré cette personne deux fois.;671
此処[ここ];ここから近い;Depuis ici, c’est proche.;672
四[よん];彼は二十四歳です。;Il a vingt-quatre ans.;674
六つ[むっつ];彼らは6つの物を取りました。;Ils ont pris 6 choses.;676
段々[だんだん];段々難しくなります。;Cela devient progressivement difficile.;677
七[なな];数字の七十七;numéro soixante-dix-sept;681
お誕生日おめでとう[おたんじょうびおめでとう];お誕生日おめでとう;joyeux anniversaire;682
頁[ページ];5ページの最初を見てください。;Regardez le début de la page 5.;690
此の[この];この猫ですね。;C'est ce chat-ci, n'est-ce pas ?;695
十万[じゅうまん];パチンコで十万円かちました。;J'ai gagné cent mille yens au pachinko.;696
九つ[ここのつ];私たちの学校にはクラスが９つある。;Il y a neuf classes dans notre école.;699
お祖母さん[おばあさん];かのじょ は おばあさん と すん でいる 。;Elle vit avec sa grand-mère.;702
お皿[おさら];コップとお皿は割れていた。;La tasse et l'assiette étaient cassées.;703
直ぐに[すぐに];彼は直ぐにそのショックから立ち直った。;Il s'est rapidement remis du choc.;704
四[し];四月ですね。;Nous sommes en avril, n'est-ce pas ?;705
二万[にまん];このぶどうは二万円もしました。;Ces raisins coûtaient 20 000 yens !;706
五百[ごひゃく];567/五百六十七;cinq cent soixante-sept;709
を見せて[をみせて];チケットを見せてください。;Veuillez me montrer votre billet.;713
見せて[みせて];ちょっと見せてくださいね。;Montrez-moi un instant, d’accord ?;714
何ですか[なんですか];入国目的は何ですか。;Quel est le but de votre entrée dans le pays ?;717
大変ですね[たいへんですね];大変ですね;C'est difficile.;718
分かりました[わかりました];ああ、そうですか。分かりました。;Ah, oui ? Je comprends.;720
煩い[うるさい];隣の部屋がうるさいのです。;La pièce voisine est bruyante.;721
いい天気ですね[いいてんきですね];今日はいい天気ですね。;Il fait beau aujourd'hui.;724
どうぞお上がり[どうぞおあがり];どうぞお上がりください。;Veuillez entrer.;728
じゃ、また明日[じゃ、またあした];じゃ、また明日;Bien, à demain !;730
茶わん[ちゃわん];この大きい茶わんは誰のですか。;À qui appartient ce grand bol ?;731
鶏肉[とりにく];私は鶏肉を食べたい。;Je veux manger du poulet.;732
本当ですか[ほんとうですか];君がボストンに住みたかったというのは本当ですか？ その話は本当ですか。;Cette histoire est-elle vraie ?;733
全部で[ぜんぶで];全部で1050円です。;Au total, ça fait 1050 yens.;734
重い病気[おもいびょうき];友だちは重い病気があります。;Mon ami a une maladie grave.;735
駄目ですか[だめですか];駄目ですか;Ce n'est pas possible ? vous ne pouvez pas (venir) ? (Lit. : C'est raté ? C'est impossible ?);736
上手に[じょうずに];彼は上手に英語を話す。;Il parle bien anglais.;737
ねつを出す[ねつをだす];ねつを出す;Développer de la fièvre;738
四百[よんひゃく];このしりょうを四百枚コピーしてください。;Veuillez faire quatre cents copies de ce document.;739
此方こそ宜しく[こちらこそよろしく];此方こそ宜しく;c'est moi qui suis ravi de vous connaître (réponse);742
テープレコーダー;テープレコーダーを使います。;J’utilise un enregistreur magnétophone.;747
残念ですね[ざんねんですね];その事故で誰も助からなかったのは残念ですね。;C'est vraiment dommage que personne n'ait pu être sauvé lors de cet accident.;751
これで終わる[これでおわる];これで終わる;C'est la fin.;753
どう致しまして[どういたしまして];「ありがとうご座います」「どう致しまして」;« Merci beaucoup. » « De rien. »;755
然うして[そうして];ご飯を食べた。そうして、寝た。;J'ai mangé. Puis je me suis couché.;758
皆で[みんなで];皆でその歌を歌いましょう！;Chantons la chanson tous ensemble !;759
失礼いたします[しつれいいたします];昨日は失礼いたしました。;Je vous prie de m'excuser pour hier.;760
昼御飯[ひるごはん];普段はここでお昼ご飯を食べてます。;Je déjeune généralement ici.;762
でも飲みませんか[でものみませんか];ビールでも飲みませんか。;Que diriez-vous d'aller boire une bière ?;763
ああ良かった[ああよかった];ああ良かった;Oh, c'est bien.;764
疲れました[つかれました];楽しく街を見ましたが、少し疲れました。;J'ai beaucoup aimé visiter la ville, mais je suis un peu fatigué.;765
良かったですね[よかったですね]？;良かったですね;tant mieux, n'est-ce pas ?;767
困ったなあ[こまったなあ];困ったなあ。;c'est ennuyeux, que faire ?;768
御休みなさい[おやすみなさい];御休みなさい;Bonne nuit.;771
短く[みじかく];あの赤いネクタイはあまり短くないです。;Cette cravate rouge n'est pas tellement courte.;774
お忙しいですか[おいそがしいですか];今、お忙しいですか。;Êtes-vous occupé en ce moment ?;775
凄いですね[すごいですね];凄いですね;C'est incroyable !;776
詰らない[つまらない];少年達はキャロルのことをつまらない人間だと思っていた。;Les garçons trouvaient Carol ennuyeuse.;777
粁[キロメートル];七千キロメートル;7000 kilomètres;778
此れでいいですか[これでいいですか];此れでいいですか;Est-ce que ça vous convient ?;781
いいですね;彼にもわかるように、私達も英語で話した方がいいですね。;Il serait préférable que nous parlions en anglais pour qu'il puisse comprendre.;784
何階[なんがい];何階にお住まいですか？;À quel étage habitez-vous ?;785
ちょっと~まで;ちょっとあそこまでいこう。 ちょっとさいごまで わたしの はなしをきいて！ きのうは ちょっとおそくまで おきていました。;Allons un peu plus loin. Écoute-moi d'abord un peu, s'il te plaît ! Hier, je suis resté debout un peu tard.;788
いいですよ;いいえ、消してもいいですよ。;Non, vous pouvez l'effacer.;790
元気です[げんきです];私も元気です。;Moi aussi, je vais bien.;791
ラジオカセット;ラジオカセットで音楽を聞きます。;J'écoute de la musique sur un radio-cassette.;792
而して[そして];そして、もう一度廊下を見た。;Puis, je regardai à nouveau le couloir.;793
お婆さん[おばあさん];あのお婆さんは誰ですか？;Qui est cette vieille dame ?;795
疲[つか]れる;彼はすぐに疲れる。;Il se fatigue facilement.;796
仕方[しかた];ファイル の ダウンロード の しかた が わかりません;Je ne comprends pas la manière de télécharger ce fichier.;874
探す[さがす];代役を探すのはおおごとだよ。;Trouver un remplaçant est une tâche importante.;940
見つける[みつける];トムを見つけて。 ;Trouvez Tom.;980
心配[しんぱい];ここで待ってるから、心配すんな。;Je vais attendre ici, alors ne t'inquiète pas.;1016
食事[しょくじ];今晩はレストランで食事しよう。;Allons faire un repas au restaurant ce soir.;1017
熱[ねつ];きのう の よる ねつ が でました;J'ai eu de la fièvre hier soir.;1022
下着[したぎ];わたし は したぎ を て で あらう;Je lave mes sous-vêtements à la main.;1024
御目出度ございます[おめでとうございます];国際女性の日おめでとうございます！;Bonne Journée internationale (du droit) des femmes !;1029
用[よう];用があるので、早く帰る。;J'ai quelque chose dont je dois m'occuper, alors je vais partir plus tôt.;1036
迎える[むかえる];来年は、富士山で新年を迎えたい。;L'année prochaine, je souhaite accueillir la nouvelle année au mont Fuji.;1043
安心[あんしん];それを聞いて安心しました。;J'ai été soulagé d'entendre cela.;1049
知らせる[しらせる];知らせてくれてありがとう。;Merci de me le faire savoir.;1052
下りる[おりる];そこ の かいだん を おりて ください;Veuillez descendre ces escaliers.;1053
線[せん];８番線で急行に乗ります。;Je monterai dans l'express de la ligne numéro 8.;1055
髪[かみ];マリアさんの髪は長いです。;Les cheveux de Maria sont longs.;1071
注意[ちゅうい];そのビンを落とさないように注意しなさい。;Faites attention à ne pas laisser tomber cette bouteille.;1074
案内[あんない];わたし が なか を ごあんない します;Je vais vous guider à l’intérieur.;1079
驚く[おどろく];かれ は ち を みて おどろいた;Il a été étonné de voir du sang.;1084
相談[そうだん];彼には相談する人がいない。;Pour lui, il n’y a pas de personne à qui demander conseil.;1088
入院[にゅういん];トムは3ヶ月前から入院している。;Tom est hospitalisé depuis trois mois.;1090
投げる[なげる];ぼーる を こっち に なげて ください;S'il vous plaît, lancez la balle ici.;1096
か;赤いか青い。 ;Rouge ou bleu.;1110
アメリカ;アメリカから帰る前に私は卒業してしまってるでしょう。;Je serai probablement diplômé avant mon retour d'Amérique.;1115
ご存知[ごぞんじ];この人の名前をご存知ですか。;Connaissez-vous le nom de cette personne ? (Honorifique);1140
入学[にゅうがく];彼はその大学に入学を許可されなかった。;Il n'a pas été admis dans cette université.;1142
柔らかい[やわらかい];新しいソファーはとても柔らかいです。;Le nouveau canapé est vraiment moelleux.;1144
運動[うんどう];彼女たちは選挙権を勝ち取るための運動を指揮した。;Ils ont mené le mouvement pour obtenir le droit de vote.;1146
あっ;あっ、木村さんからメールが入ってきました。;Oh, un e-mail de M. Kimura est arrivé.;1160
出席[しゅっせき];私がそのパーティーに出席する必要がありますか。;Est-ce qu’il y a nécessité que j’assiste à cette fête ?;1169
拝見[はいけん];切符を拝見します。;Puis-je voir votre billet ? (littéralement : Je vais regarder votre billet.);1177
簡単[かんたん];心配しないで。簡単だよ。;Ne t'inquiète pas. C'est facile.;1182
プレゼント;私が買ったプレゼント、トムは気に入ると思う？;Penses-tu que Tom aimera le cadeau que je lui ai acheté ?;1185
チェック;彼女がホテルのチェックアウトしたのって、何時だった？;À quelle heure a-t-elle quitté l'hôtel ?;1186
紹介[しょうかい];両親に彼女を紹介した。;J'ai présenté ma petite amie à mes parents.;1192
無理をする[むりをする];たいそうご無理をお願いしてすみません。;Je suis vraiment désolé de vous demander de faire quelque chose d'aussi difficile.;1205
運転[うんてん];トムはホテルのエレベーターの運転手と親しくなりました。;Tom s'est lié d'amitié avec le conducteur d'ascenseur de l'hôtel.;1212
けれど;彼は疲れていたけれども、働くのをやめようとはしなかった。;Il était fatigué, mais il n'a pas cessé de travailler.;1265
ベル;げんかん の ベル が なった;La cloche d'entrée sonnait.;1267
アナウンサー;わたし は アナウンサー に なりたい;Je veux devenir annonceur.;1292
踊り[おどり];この おどり は やさしい です よ;Cette danse est facile.;1300
パート;妻がパートの仕事を探しています。;Ma femme est à la recherche d'un emploi à temps partiel.;1311
毎月[まいげつ];毎月レポートを出さなければならない。;Je dois rendre un rapport chaque mois.;1323
アクセサリー;この アクセサリー は すてき ね;Ce bijoux est ravissant.;1325
日[ひ];なつ は ひ が ながい;Les journées sont longues en été.;1335
スクリーン;トムはスクリーンに釘付けだった。;Tom était rivé à l'écran.;1340
はず;あの二人、たしか去年結婚したはずだよ。;Ces deux-là auraient dû se marier l'année dernière.;1347
お祝い[おいわい];心からお祝いを申し上げます。;Je vous adresse mes plus sincères félicitations.;1348
葡萄[ぶどう];わたし は ぶどう が すき です;J'aime les raisins.;1369
お湯[おゆ];カップラーメンはお湯を入れてたった3分間待てば出来上がる。;Les nouilles instantanées en tasse sont prêtes en seulement 3 minutes après l'ajout d'eau chaude.;1375
降り出す[ふりだす];私は雨が降り出す前に学校に着いた。;Je suis arrivé à l'école avant qu'il ne commence à pleuvoir.;1377
木綿[もめん];かのじょ は もめん の しゃつ を きて います;Elle porte une chemise en coton.;1380
気分がいい[きぶんがいい];気分がいいです。昨晩はよく眠れました。;Je me sens bien. J'ai très bien dormi la nuit dernière.;1382
お先にどうぞ[おさきにどうぞ];紳士の人からお先にどうぞ。;Messieurs, veuillez passer en premier.;1386
恐い[こわい];俺の母親は世界で一番恐い。;Ma mère est la plus effrayante du monde.;1387
ワープロ;ワープロがあれば、こんな煩わしさはなくなるだろう。;Si j'avais un traitement de texte, ce genre de désagréments disparaîtrait.;1391
コンピュータ;コンピューターを直せますか。;Pouvez-vous réparer mon ordinateur ?;1393
押入れ[おしいれ];私は押入れに閉じ込められるのがこわかった。;J'avais peur d'être enfermée dans le placard.;1399
成程[なるほど];なるほど よく わかりました;Je vois, je comprends très bien.;1401
火[ひ];ひ を けして;Éteins le feu.;1408
久し振り[ひさしぶり];大変お久しぶりですね。;Ça faisait très longtemps !;1416
ハンドバッグ;ハンドバッグ を わすれました;J'ai oublié mon sac à main.;1417
お出でになる[おいでになる];あなたがお出でになれない事を聞いてがっかりしました。;J'ai été déçu d'apprendre que vous ne pourriez pas venir.;1419
漬ける[つける];さかな を みそ に つけました;J'ai fait mariner le poisson dans du miso.;1423
一緒にいかがですか[いっしょうにいかがですか];ご一緒にいかがですか。;Souhaiteriez-vous vous joindre à moi ?;1427
お出かけですか[おでかけですか];今日はどちらへお出かけですか？;Où vas-tu aujourd'hui ?;1428
お陰[おかげ];友達のお陰で毎日楽しいです。;Grâce à mes amis, chaque jour est amusant.;1430
お腹が一杯だ[おなかがいっぱいだ];お腹が一杯;Je suis rassasié;1435
お引き出しですか[おひきだしですか];お引き出しですか;Voulez-vous faire un retrait;1436
どうぞお元気で[どうぞおでげんきで];どうぞお 元気で;Prenez soin de vous.;1437
と言う本[というほん];「パンドラ・アイランド」と言う本を読みます。;Je vais lire un livre intitulé « L'Île de Pandore ».;1441
今いいでしょうか[いまいいでしょうか];今いいでしょうか;Est-ce le bon moment ?;1445
お元気でいらっしゃいますか[おげんきでいらっしゃいますか];お元気でいらっしゃいますか;comment allez-vous ? (respectueux);1447
宜しい[よろしい];レポートは これで よろしいですか。;Est-ce que le rapport est bon comme ça ?;1453
どちら様でしょうか[どちらさまでしょうか];どちら様でしょうか。;Puis-je demander qui appelle.;1457
あのう、お願いがあるんですが[あのうおねがいがあるんですが];あのう、お願いがあるんですが。;Euh, j'ai une faveur à vous demander.;1459
そろそろ失礼します[そろそろしつれいします];それではそろそろ失礼します。;Eh bien, je vous laisse.;1460
ラジカセ;ラジカセで音楽を聞く。;J'écoute de la musique sur un radiocassette.;1461
働きすぎ[はたらきすぎ];あなたは働きすぎです。しばらく座って楽にしなさい。;Tu travailles trop. Assieds-toi et détends-toi un moment.;1465
楽しみにしている[たのしみにしている];私は君や君の家族に会えるのを楽しみにしている。;J'ai hâte de vous rencontrer, vous et votre famille.;1466
の代わりに[のかわりに];私の代わりに彼女に言ってください。;Veuillez lui dire cela de ma part.;1467
が素敵ですね[がすてきですね];素敵ですね;C'est merveilleux.;1473
成るべく[なるべく];なるべく はやく しごと を おわらせて ください;Veuillez terminer votre travail le plus tôt possible.;1474
旨い[うまい];肉は、旨い。;La viande est délicieuse.;1476
ご注文は[ごはちゅうもんは];ご注文は何にしますか。;Que souhaitez-vous commander ?;1479
パーティールーム;パーティールームを飾りに行きましょう。;Allons décorer la salle de fête.;1481
其れに[それに];山の上からの景色が綺麗。それに空気も綺麗。;La vue depuis le sommet de la montagne est belle. En plus, l'air aussi est bon.;1484
に就いて[について];彼とニュースについて話しました。;J'ai parlé avec lui à propos des nouvelles.;1486
漸と[やっと];この子、やっと寝たみたいよ。;On dirait que cet enfant s'est enfin endormi.;1487
デスクトップパソコン;私はノートパソコンとデスクトップパソコンの二台のコンピューターを持っている。;Je possède deux ordinateurs : un ordinateur portable et un ordinateur de bureau.;1499
けど、;コートはあるけど、帽子はないです。;J'ai un manteau, mais je n'ai pas de chapeau.;1500
していらっしゃいます;土曜日は診察していらっしゃいますか。;Êtes-vous disponible pour des consultations le samedi ?;1501
殖える[ふえる];なんだか毛が殖えてるなあと思ったら、植毛手術をしたんだぁ！なるほどねぇ。;Je pensais que vos cheveux s'étaient multipliés d'une manière ou d'une autre, mais vous avez subi une chirurgie de remplacement capillaire, hein ? Je vois.;1506
人間[にんげん];にんげん の こころ は ふくざつ です;L'esprit de l'homme est complexe.;1507
者[もの];私は留守番の者です。;Je suis la personne de garde de la maison.;1517
友人[ゆうじん];かれ は こうこう じだい から の ゆうじん です;C'est mon vieil ami du lycée.;1518
一生[いっしょう];いっしょう の おねがい が あります;J'ai une faveur unique dans une vie.;1522
全て[すべて];かれ に すべて の こと を つたえた;Je lui ai tout dit.;1526
自然[しぜん];みんな で しぜん を まもりましょう;Travaillons tous pour protéger la Nature.;1527
全く[まったく];わたし に は まったく わかりません;Je ne comprends pas du tout.;1531
分ける[わける];おかし を みんな で わけました;Nous avons partagé les bonbons avec tout le monde.;1543
大した[たいした];それは大したことはない。;Ce n'est pas grave.;1548
一方[いっぽう];ここ は いっぽう つうこう です;C'est une rue à sens unique.;1553
知識[ちしき];もっと色々な知識を増やしたい。;Je souhaite approfondir mes connaissances sur diverses choses.;1560
事実[じじつ];それ は すべて じじつ です か;Est-ce que tout est vrai ?;1565
当時[とうじ];かのじょ は とうじ まだ さんさい だった;Elle n'avait que trois ans à l'époque.;1567
時期[じき];冬は一日が短く、最も寒い時期です。;Concernant l’hiver, les journées sont courtes, et c’est la période la plus froide.;1568
本物[ほんもの];これ は ほんもの の だいやもんど です;C'est un vrai diamant.;1570
意外[いがい];意外にも彼は独身です。;Étonnamment, il est célibataire.;1574
手術[しゅじゅつ];ちち は むね の しゅじゅつ を した;Mon père s'est fait opérer de la poitrine.;1579
通り[とおり];この とおり は にぎやか です ね;Cette rue est animée, n'est-ce pas ?;1580
理解[りかい];りかい して くれて ありがとう;Merci de votre compréhension.;1581
恋人[こいびと];かれ は こいびと を うしなった;Il a perdu sa petite amie.;1582
分析[ぶんせき];今の経済の動きを分析しています。;J’analyse les mouvements de l’économie actuelle.;1586
月[がつ];祭日が日曜にダブると月曜が休みになる。;Si un jour férié tombe un dimanche, le lundi devient un jour de repos.;1591
食う[くう];はらいっぱい くった;J'ai mangé avec appétit.;1595
最高[さいこう];これまで で さいこう の けっか が でた よ;J'ai obtenu mes meilleurs résultats jusqu'à présent.;1596
他[ほか];他の人はどこですか？;Où sont les autres ?;1597
絶対[ぜったい];そんな こと は ぜったい できない よ;Je ne pourrai jamais faire une telle chose.;1598
度[たび];ある程度君の言い方は正しい。;Dans une certaine mesure, ce que vous dites est correct.;1602
下ろす[おろす];たな から その はこ を おろして ください;Il a déchargé les bagages de la voiture.;1607
意識[いしき];かれ は いしき を うしないました;Il a perdu connaissance.;1621
無事[ぶじ];事故に遭った人の無事が確認された。;Il a été confirmé que la personne impliquée dans l'accident est saine et sauve.;1627
起こる[おこる];まち で だいじけん が おこりました;Un incident majeur s'est produit dans la ville.;1643
一般[いっぱん];いっぱん の かた は こちら の せき へ どうぞ;Les places générales sont par ici.;1660
手段[しゅだん];彼は目的のためには手段を選ばなかったわね。;Il n'a pas choisi qu'un moyen pour atteindre ses objectifs, n'est-ce pas ?;1674
金[かね];これ は かなり かね が かかった;Cela a coûté pas mal d'argent.;1689
味方[みかた];私はいつも、あなたの味方です。;Je suis toujours à tes côtés.;1713
得意[とくい];得意料理はオムレツです。;Le plat que je maîtrise est l’omelette.;1714
状態[じょうたい];大雨で、この川は危険な状態だ。;À cause des fortes pluies, cette rivière est dans un état dangereux.;1725
偉大[いだい];彼は偉大な音楽家だ。;Il est un grand musicien.;1745
空[から];雨がやんで空が明るくなった。;La pluie a cessé et le ciel s'est éclairci.;1754
地方[ちほう];この地方には、自然がたくさんある。;Cette région a beaucoup de nature.;1768
引っ張る[ひっぱる];むすめ が わたし の て を ひっぱった;Ma fille m'a tiré la main.;1771
何でも[なんでも];お母さんが何でもしてあげるから。;Maman ferait n'importe quoi pour toi.;1772
数[すう];今日は数人の学生が欠席した。;Plusieurs étudiants étaient absents aujourd'hui.;1775
追う[おう];女の子が犬を追い掛けている。;La fille est en train de courir après le chien.;1780
悪魔[あくま];今夜は悪魔と出かける気分じゃないの。;Je ne suis pas d'humeur à sortir avec le diable ce soir.;1791
行動[こうどう];彼は娘の行動に腹を立てた。;Il était furieux du comportement de sa fille.;1800
唯一[ゆいいつ];吉田君は、会社で唯一の18歳だ。;Yoshida est le seul jeune de 18 ans dans l'entreprise.;1804
知恵[ちえ];友達に子育ての知恵をアドバイスしてもらった;J’ai reçu de mon ami des conseils de sagesse sur l’éducation des enfants.;1805
殺す[ころす];わたし は いきもの を ころす の が きらい だ;Je déteste tuer des êtres vivants.;1807
次第[しだい];れんらく が あり しだい しゅっぱつ します;Je partirai dès qu'on me le dira.;1808
言わば[いわば];彼女は言わば姉のような存在です;Elle est comme une sœur pour ainsi dire.;1809
小[しょう];この はこ の しょう を ください;Veuillez me donner la petite version de cette boîte.;1810
要素[ようそ];睡眠は健康の為の重要な要素である。;Le sommeil est un élément important pour une bonne santé.;1818
生地[きじ];マリメッコの生地でクッションを作りました。;J'ai fait un coussin en tissu Marimekko.;1831
男の人[おとこのひと];私のドイツ語の先生は男の人です。;Mon professeur d'allemand est un homme.;1834
日曜[にちよう];毎週日曜日は教会に行きます。;Je vais à l'église tous les dimanches.;1835
勝ち[かち];うたがっせん は あか ぐみ の かち でした ね;L'équipe rouge a remporté le concours de chant.;1836
抜く[ぬく];わいん の こるく を ぬきました;J'ai débouché le vin.;1844
気づく[きづく];トムの行動に気づく人はいないと思う。;Je ne pense pas que quiconque remarquera ce que fait Tom.;1846
気味[きみ];とても不気味だと思った。;J'ai trouvé ça très effrayant.;1864
感心[かんしん];彼の上手い言い回しに感心した;J'ai été impressionné par ses efforts.;1868
優勝[ゆうしょう];彼女は昨年五つの大会で優勝した。;Elle a remporté cinq concours l'année dernière.;1877
王子[おうじ];王子は、じょうばをはじめました。;Le prince a commencé l'équitation.;1882
目の前[めのまえ];何かを言うべき相手は僕の目の前から消え去った。;La personne à qui j'aurais dû dire quelque chose a disparu de ma vue.;1896
流す[ながす];かのじょ は なみだ を ながした ん だ;Elle a versé des larmes.;1897
都会[とかい];彼は都会での生活を楽しんでいるの。;Il profite de la vie en ville.;1910
疑問[ぎもん];彼の言葉が本当かは疑問です。;Je doute que ses paroles soient vraies.;1914
不満[ふまん];私は彼のやり方には不満です。;Je ne suis pas satisfait de ses méthodes.;1919
台[だい];車が一台こちらのほうへ近づいてきた。;Une voiture s'approchait de nous.;1933
大半[たいはん];労働者の大半は組合に属している。;La majorité des travailleurs sont syndiqués.;1943
側[そば];彼らは川の向こう側に住んでいる。;Ils habitent de l'autre côté de la rivière.;1944
種類[しゅるい];ご存知のように日本語には文字が三種類 あります。;Comme vous le savez, il existe trois types de caractères en japonais.;1954
著者[ちょしゃ];なんと私の姉もその本の著者でした。;Étonnamment, ma sœur était également l'auteur de ce livre. ;1966
証明[しょうめい];ようぎしゃ の ありばい が しょうめい されました;L'alibi du suspect a été prouvé.;1967
集団[しゅうだん];集団旅行に参加した。;Participation à un voyage de groupe.;1977
単純[たんじゅん];彼女は子供の様に単純だ。;Elle est simple comme un enfant.;1986
学[がく];少なくとも三十人の学生が欠席した。;Au moins 30 élèves étaient absents.;1991
移動[いどう];その机を左へ移動してください。;Veuillez déplacer ce bureau vers la gauche.;2000
重大[じゅうだい];じゅうだい な はっぴょう が あります;J'ai une annonce importante.;2002
現象[げんしょう];村では最近、不思議な現象が起きています。;Récemment, d’étranges phénomènes se sont produits dans le village.;2004
秒[びょう];コウイチにラインしたら秒で返事きてわらえた。;J'ai envoyé un message LINE à Koichi et il m'a répondu en une seconde. Cela m'a fait rire.;2046
困難[こんなん];困難にあってもあきらめてはいけないよ。;N'abandonnez pas même lorsque c'est difficile.;2051
持ち上げる[もちあげる];吉雄は私がその箱を持ち上げるのを手伝ってくれた。;Yoshio m'a aidé à soulever le carton.;2062
恐怖[きょうふ];こんな恐怖は経験したことがない。;Je n'ai jamais éprouvé une telle peur.;2081
組織[そしき];この会議はうまく組織されていません。;Cette réunion n'est pas bien organisée.;2087
管理[かんり];このセンターで工場全体を管理しています。;Ce centre gère l'ensemble de l'usine.;2092
捕まる[つかまる];警察に捕まるような恐れがあるのですか。;Avez-vous peur de vous faire prendre par la police ?;2098
会合[かいごう];私たちの会合が開かれるのはこの部屋でです。;Notre réunion se tiendra dans cette salle.;2104
女王[じょおう];それは、女王のいすです。;C'est le fauteuil de la reine.;2111
優れる[すぐれる];彼は非常に優れた選手です。;Il est un joueur extrêmement talentueux.;2112
入場[にゅうじょう];せんしゅ の にゅうじょう です;Les athlètes défileront.;2113
一回[いっかい];もう一回、言ってください。;S'il vous plaît, dites-le une fois de plus.;2138
判断[はんだん];アルコールを飲むと、判断力がなくなる。;Quand on boit de l’alcool, la capacité de jugement disparaît.;2192
明かり[あかり];へや の あかり を つけましょう;Allumons la lumière de la pièce. Il n'y avait qu'une petite bougie dans la pièce.;2218
愛[あい];これまでに男の人を愛したことがありますか。;Avez-vous déjà aimé un homme ?;2234
成功[せいこう];あなたのプロジェクトの成功を願っています。;Je vous souhaite du succès dans votre projet.;2260
通信[つうしん];弟は通信で勉強しています。;Mon jeune frère étudie par correspondance.;2272
恐れる[おそれる];かれ は じゅけん の しっぱい を おそれて います;Il s'inquiète d'échouer à l'examen. Je n'ai peur de rien sauf de devenir aveugle.;2273
署名[しょめい];書類をよく読んで、署名をしてください。;Veuillez lire attentivement le document et le signer.;2276
頂上[ちょうじょう];富士山の頂上は夏でさえ寒い。;Le sommet du mont Fuji est froid même en été.;2286
熱中[ねっちゅう];彼女は今テニスに熱中している。;Elle est vraiment passionnée de tennis en ce moment.;2291
入力[にゅうりょく];名前を入力して。;Veuillez saisir votre nom.;2295
金属[きんぞく];アルミニウムは金属の一種です。;L'aluminium est un type de métal.;2300
速い[はやい];かれ は はしる の が はやい;Il court vite.;2304
叩く[たたく];かれ は こども の おしり を たたいた;Il a giflé son enfant sur les fesses.;2307
選択[せんたく];彼女は、仕事か恋人かの選択に迷った。;Elle a hésité dans le choix entre le travail et son petit ami.;2312
安定[あんてい];公務員は安定した仕事だ。;Le travail de fonctionnaire est un emploi stable.;2316
否定[ひてい];彼女はお金を盗んだことを否定しています。;Elle nie avoir volé l'argent.;2318
もう一つ[もうつひとつ];もう一つソフトクリームを食べようかな。;Je crois que je vais prendre une autre glace molle.;2320
伝統[でんとう];国によって、いろいろな伝統があります。;Différents pays ont des traditions différentes.;2345
さて;さて、順番に並べましたか。;Bon, les avez-vous alignés dans l’ordre ?;2369
プラス;この けいけん は あなた に とって ぷらす に なる でしょう;Cette expérience sera une bonne chose pour vous.;2396
２、３日[にち];わたしたち は せんげつ じゅういち にち に けっこん しました;Nous nous sommes mariés le mois dernier le 11.;2410
検査[けんさ];大きな病院で検査した方がいいですよ。;Il vaudrait mieux se faire tester dans un plus grand hôpital.;2422
慎重[しんちょう];もういちど しんちょう に みなおしましょう;Examinons-le à nouveau attentivement.;2429
途端[とたん];高速に乗ったとたんに、タイヤがパンクした。;À peine monté sur l’autoroute, le pneu a crevé.;2430
額[ひたい];ひたい に あせ を かいた よ;Son front était couvert de sueur.;2431
不利[ふり];かれ は いま ふり な たちば に います;Il est désavantagé maintenant.;2433
近頃[ちかごろ];ちかごろ かのじょ の ようす が おかしい;Elle se comporte étrangement ces jours-ci.;2434
改善[かいぜん];改善のため今も研究は続いている。;Des recherches sont toujours en cours pour des améliorations.;2435
デート;でーと で ゆうえんち に いきました;Je suis allé à un parc pour un rendez-vous amoureux.;2436
雇う[やとう];あたらしい しゃいん を やといました;Nous avons embauché un nouveau membre du personnel.;2437
チーズ;ちーず を ひときれ たべました;J'ai mangé une tranche de fromage.;2438
直ちに[ただちに];ただちに かいしゃ に もどって ください;Veuillez retourner au bureau immédiatement.;2439
政府[せいふ];その デモ に ついて せいふ は なにも しなかった;Le gouvernement n'a rien fait contre la manifestation.;2441
婦人[ふじん];ふじんふく うりば は 5 かい で ございます;Le rayon vêtements pour dames se trouve au cinquième étage.;2442
印刷[いんさつ];ねんがじょう を いんさつ した の;J'ai imprimé les cartes du Nouvel An.;2443
略[ほぼ];しごと が ほぼ おわりました;Mon travail est presque terminé.;2444
書物[しょもつ];かれ は しょもつ に かこまれて せいかつ して いる の;Il vit entouré de livres.;2446
センター;この せんたー で こうじょう ぜんたい を かんり して います;Toute l'usine est gérée à partir de ce centre.;2447
招く[まねく];りょうしん を しょくじ に まねいた;J'ai invité mes parents à un repas.;2448
公平[こうへい];しょうきん を もらったら こうへい に わけましょう;Si nous gagnons le prix, partageons-le équitablement.;2449
警告[けいこく];くるま に ちゅうしゃ いはん の けいこく を はられました;Un ticket de parking était collé sur la voiture.;2450
候補[こうほ];かいちょう の こうほ は さんにん います;Il y a trois candidats à la présidence.;2451
納得[なっとく];彼の説明で納得できました。;Grâce à son explication, j’ai pu être convaincu.;2452
友情[ゆうじょう];かれら は つよい ゆうじょう で むすばれて いる な;Ils sont liés par une forte amitié.;2454
健康[けんこう];わたし は けんこう な せいかつ を おくって います;Je mène une vie saine.;2455
劇場[げきじょう];ごご はちじ に げきじょう の まえ で あいましょう;Rendez-vous devant le théâtre à 20h00.;2457
記入[きにゅう];こちら に おなまえ を ご きにゅう ください;Veuillez saisir votre nom ici.;2460
強調[きょうちょう];先生が大事なところを何度も強調した。;L’enseignant a souligné à plusieurs reprises les points importants.;2461
修正[しゅうせい];けんとう の けっか あん を しゅうせい した よ;Nous avons ajusté le plan à la suite de nos délibérations.;2462
羽[はね];小とりは、羽をパタパタうごかしました。;Le petit oiseau battit des ailes.;2464
退屈[たいくつ];こうちょう の たいくつ な はなし が つづいた ん だ よ;La conversation ennuyeuse du principal continuait.;2465
宅[たく];今日、宅配便でラクダが届いた。;Le chameau a été livré par la société de livraison express à domicile aujourd'hui.;2467
教科書[きょうかしょ];にほんご の きょうかしょ を わすれた;J'ai oublié mon manuel de japonais.;2468
ミス;みす は だれ に で も あります;Tout le monde fait des erreurs.;2469
不自由[ふじゆう];かれ は ふじゆう な くらし に なれた よう だ ね;Il semble qu'il se soit habitué à son mode de vie restreint.;2470
増加[ぞうか];しま の じんこう は ねんねん ぞうか して います;La population de l'île augmente chaque année.;2471
定期[ていき];ていきえんそうかい は ねん に 4 かい あります;Il y a des concerts réguliers quatre fois par an.;2473
握手[あくしゅ];かれら は あくしゅ を した;Ils se sont serré la main.;2474
悲しむ[かなしむ];ちち は ともだち の し を かなしんで います;Mon père est en deuil à cause de la mort de son ami.;2475
読書[どくしょ];わたし の しゅみ は どくしょ です;Mon passe-temps est la lecture.;2476
大戦[たいせん];たいせん で おおく の ひと が なくなりました;Beaucoup de gens sont morts dans les guerres mondiales.;2477
既に[すでに];その こと は すでに みんな しって います;Tout le monde le sait déjà.;2479
苦痛[くつう];わたし は ひとまえ で はなす こと が くつう です;C'est douloureux pour moi de parler devant d'autres personnes.;2480
係[かかり];かのじょ は かいじょう せいり の かかり だった の;Elle était responsable de l'aménagement de la salle.;2481
友[とも];もつべき もの は とも よ ね;La chose importante à garder, ce sont les amis.;2482
有利[ゆうり];しかく が ある と しゅうしょく に ゆうり です;Il est avantageux d'avoir des qualifications lors de la recherche d'emploi.;2483
叫ぶ[さけぶ];かのじょ は たすけ を もとめて おおごえ で さけんだ の;Elle a crié à l'aide.;2484
一段[いちだん];一段飛ばしで階段を駆け上った。;J'ai monté les escaliers en courant, en sautant une marche à la fois.;2485
金庫[きんこ];ほてる の きんこ に きちょうひん を いれた よ;J'ai mis mes objets de valeur dans le coffre-fort de l'hôtel.;2486
握る[にぎる];しょうじょ は ははおや の て を にぎった;La jeune fille serra la main de sa mère.;2487
急速[きゅうそく];コンピューターは きゅうそく 急速な しんか 進化を と 遂げた。;Les ordinateurs ont fait de rapides progrès.;2488
微妙[びみょう];かれ は かいしゃ で びみょう な たちば に あります;Il occupe une position délicate dans l'entreprise.;2489
医療[いりょう];いりょう かんけい の しごと を して います;Je travaille dans le domaine de la santé.;2490
布[ぬの];この ぬの は かーてん に つかえます;Ce tissu peut être utilisé pour les rideaux.;2491
命じる[めいじる];きゅう に しゅっちょう を めいじられました;J'ai été soudainement envoyé en voyage d'affaires.;2493
進学[しんがく];かのじょ は らいねん だいがく に しんがく する;Elle entrera à l'université l'année prochaine.;2496
マイク;かのじょ は まいく を もって はなしはじめた の;Elle prit le micro et commença à parler.;2497
トップ;かれ は とっぷ の せいせき で ごうかく しました;Il a réussi avec le meilleur score.;2498
今に[いまに];あなた も いまに わかる でしょう;Vous comprendrez un jour.;2499
金曜[きんよう];よく覚えていないのですがたしか先週の金曜日だったと思います。;Je ne me souviens plus exactement, mais je crois que c'était vendredi dernier.;2500
服装[ふくそう];その ぱーてぃー は かじゅある な ふくそう で だいじょうぶ です;C'est bien de porter des vêtements décontractés à la fête.;2501
大気[たいき];大気おせんマップを毎日チェックしています。;Je vérifie la carte de la pollution atmosphérique tous les jours.;2502
読み[よみ];はは に よみかき を ならいました;J'ai appris à lire et à écrire avec ma mère.;2503
月曜[げつよう];彼は来週月曜日にもう一度会を開いてはどうかと提案した。;Il a suggéré que nous nous revoyions lundi prochain.;2504
吸収[きゅうしゅう];かれ は ちしき の きゅうしゅう が はやい です ね;Il absorbe rapidement les connaissances.;2505
訪問[ほうもん];らいしゅう つま の じっか を ほうもん します;La semaine prochaine, nous visiterons la maison familiale de ma femme.;2507
失望[しつぼう];かのじょ は けっこん せいかつ に しつぼう して いた の;Elle a trouvé la vie conjugale décevante.;2508
評判[ひょうばん];新しく出版された雑誌は、評判がいい。;Le magazine récemment publié jouit d'une bonne réputation.;2509
礼儀[れいぎ];かのじょ は れいぎ が み に ついて います;Elle est accomplie dans l'étiquette.;2510
代金[だいきん];3人分の代金は計6000円です。;Le prix total pour 3 personnes est de 6 000 yens.;2511
帯[おび];この おび は なが すぎます;Cette ceinture est trop longue.;2513
飼う[かう];ぺっと を かった こと は あります か;As tu déjà eu un animal de compagnie?;2514
休憩[きゅうけい];このあと、10分休憩を取ります。;Après cela, nous ferons une pause de 10 minutes.;2515
列車[れっしゃ];れっしゃ が ほーむ に はいって きた;Le train est arrivé à quai.;2516
幼い[おさない];かのじょ に は おさない むすこ が います;Elle a un petit fils.;2517
経由[けいゆ];めーる を けいゆ して ひろがる うぃるす も あります;Il existe même des virus qui se propagent par e-mail.;2519
損[そん];ぱちんこ で 5000 えん そん しました;J'ai perdu 5 000 yens au pachinko.;2520
抵抗[ていこう];はんにん は けいさつ に ていこう した の;Le criminel a résisté à la police.;2522
火曜[かよう];兄はシカゴからたいてい火曜の夜に私に電話をかけてくる。;Mon frère m'appelle généralement de Chicago le mardi soir.;2527
宝[たから];とみ 富は いっしょう 一生の たから 宝、 ち 知は ばんだい 万代の たから 宝。;La sagesse est meilleure que l'or ou l'argent.;2528
ケース;この けーす に は CD が 50 まい はいります;50 CD rentreront dans cette mallette.;2531
そっくり;あの おやこ は そっくり だ ね;Ce parent et cet enfant se ressemblent.;2539
快適[かいてき];快適な椅子に座ると、勉強しやすくなります。;S'asseoir sur une chaise confortable facilite l'étude.;2540
財産[ざいさん];彼女の財産はどのくらいあるんだろう。;Je me demande combien de biens elle possède.;2549
土曜[どよう];あなたは、来週の土曜日までに論文を提出すべきです。;Vous devez soumettre votre article d'ici samedi prochain.;2555
撃つ[うつ];かれ は けんじゅう で うたれた わ;Il a été abattu avec une arme de poing.;2556
コード;こーど が みじかく て こんせんと に とどきません;Le cordon est trop court pour atteindre la prise.;2565
岩[いわ];あの いわ まで およごう;Nagons jusqu'à ce rocher.;2569
幸福[こうふく];かのじょ は こうふく な ひび を すごして いる わ;Elle mène une vie heureuse.;2570
グラス;これ は きれい な ぐらす です ね;C'est un beau verre.;2576
監督[かんとく];彼は有名な映画監督だ。;C'est un célèbre réalisateur.;2578
描く[かく];うちのロゴを違う色でも描いてみてもらえますか。;Pouvez-vous dessiner notre logo avec différentes couleurs?;2580
芝居[しばい];歌舞伎の芝居を見にいきました。;Je suis allé voir une pièce de Kabuki.;2582
ノー;ケイトは歴史の講義を丹念にノートにとった。;Kate prenait des notes méticuleusement pendant ses cours d'histoire.;2585
紐[ひも];靴の紐は自分で結べるよね。;Vous pouvez attacher vos lacets vous-même.;2587
クリーム;わたし は あらいもの を した あと て に くりーむ を ぬります;Je mets de la crème pour les mains après avoir fait la vaisselle.;2590
学習[がくしゅう];動機付けというのは、学習過程に影響する因子のひとつです。;La motivation est l'un des facteurs qui influencent le processus d'apprentissage.;2592
遅刻[ちこく];遅刻して先生にしかられた。;J'étais en retard et je me suis fait gronder par le professeur.;2594
留守番[るすばん];わたし は るすばん の もの です;Je m'occupe de la maison.;2598
谷[たに];その むら は ふかい たに に ある の;Le village est dans une vallée profonde.;2599
ぴったり;かぜ が ぴたりと やんだ ね;Le vent s'est soudainement calmé.;2604
行けない[いけない];今は行けないんだ。;Je ne peux pas y aller maintenant.;2605
トン;戦争が始まったとき、トムはボストンにいた。;Tom était à Boston lorsque la guerre a éclaté.;2618
バカ;バカな質問していい？;Puis-je poser une question bête ?;2622
のんびり;休みの日は家でのんびり過ごします。;Les jours de repos, je passe tranquillement mon temps à la maison.;2625
アウト;チェックアウト・タイムは何時ですか。;À quelle heure se fait le départ ?;2628
だって;うん。起きるの早いんだって。;Ouais. Il a dit qu'il se levait tôt.;2629
修理[しゅうり];それはまだ修理されていません。;Cela n'a pas encore reçu de réparation.;2637
ママ;まま に きいて みよう;Demandons à maman.;2639
故郷[ふるさと];この景色を見ると、懐かしい生まれ故郷の町を思い出すよ。;Ce paysage me rappelle ma ville natale bien-aimée.;2640
冒険[ぼうけん];昔の子供たちは冒険小説をよく読みました。;Autrefois, les enfants lisaient souvent des romans d’aventures.;2642
済ませる[すませる];ひるごはん は かんたん に すませましょう;Allons un petit déjeuner rapide;2643
いえ;いいえ、辛くないです。;Non, ce n'est pas épicé.;2647
うまい;彼は歌を歌うのがうまい。;Il chante bien.;2651
バン;そのバンドはただいまお休みです。;Ce groupe est actuellement en pause.;2652
さっぱり;かのじょ の いって いる こと が さっぱり わからない の;Je ne comprends pas du tout ce qu'elle dit.;2658
尻[しり];大きな集団の尻につくより頭になれ。;Devenez le leader d'un grand groupe plutôt que de suivre ses suiveurs.;2670
そっと;ははおや は むすめ の かみ を そっと なでた の;La mère tapota tranquillement les cheveux de sa fille.;2683
絶滅[ぜつめつ];その動物は絶滅の危機に瀕している。;Cet animal est en voie d'extinction.;2686
発明[はつめい];その学校は、多くの発明家を送り出している。;Cette école a formé de nombreux inventeurs.;2690
ようこそ;にっぽん へ ようこそ;Bienvenue au Japon.;2691
だが;彼にはよくあることだが、夜遅くまで起きている。;Comme à son habitude, il reste éveillé tard dans la nuit.;2693
設計[せっけい];庭を設計するのが彼の仕事です。;Son travail consiste à concevoir le jardin.;2694
ぼんやり;かれ は とおく を ぼんやり みて いた の;Il regarda vaguement au loin.;2695
ピン;かのじょ は いつも かみ を ぴん で とめて いる ね;Elle tient toujours ses cheveux avec des épingles.;2699
作曲[さっきょく];この曲は誰が作曲したのですか。;Qui a composé cette chanson ?;2702
勧める[すすめる];すすめられて ほしく も ない もの を かっちゃった よ;Sur les conseils de quelqu'un, j'ai fini par acheter quelque chose dont je ne voulais pas.;2706
資本[しほん];ベンチャー・キャピタル、いわゆる冒険資本が不足するには、訳があります。;Il y a une raison à la pénurie de capital-risque.;2707
こうやって;普段はこうやって魚を料理してるんだよ。;Voici comment je cuisine habituellement le poisson.;2711
東北[とうほく];東北で、ボランティアをしていました。;Je faisais du bénévolat à Tohoku.;2712
いらっしゃい;「早くいらっしゃい、ビル」「はい、おかあさん」;"""Viens vite, Bill."" ""Oui, maman.""";2716
金銭[きんせん];金銭のトラブルには関わりたくありません。;Je ne veux pas m'impliquer dans des problèmes financiers.;2717
木曜[もくよう];木曜日より金曜日に来ていただきたいのですが。;Je préférerais que vous veniez vendredi plutôt que jeudi.;2718
オフィス;ジャックと私は、土曜日は交代でオフィスで働くことに同意した。;Jack et moi avons convenu de travailler à tour de rôle au bureau le samedi.;2719
尤も[もっとも];日本語を話せます。もっとも、少しだけですが。;Je peux parler japonais. Cependant, seulement un peu.;2722
ロケット;ロケットは今頃には当然月についているはずだ。;La fusée aurait dû atteindre la lune depuis longtemps, bien sûr.;2756
食糧[しょくりょう];食糧の備蓄は十分にあります。;Il existe de nombreuses dispositions d'urgence.;2759
追い付く[おいつく];えき で ようやく かれ に おいつきました;Je l'ai finalement rattrapé à la gare.;2786
宿泊[しゅくはく];交通費と宿泊代で、５万円くらいかかる。;Il en coûtera environ 50 000 yens pour le transport et l'hébergement.;2790
一台[いちだい];このテレビは、一台四万九千円です。;Ces téléviseurs coûtent quarante-neuf mille yens chacun;2812
ダイヤ;これは本物のダイヤでしょう。;C'est un véritable diamant, n'est-ce pas ?;2832
大家族[だいかぞく];彼は若いが養わなければならない大家族がある。;Il est jeune, mais il a une famille nombreuse à charge.;2849
一文字[いちもんじ];女の子は、おこって口を一文字にむすびました。;La fille se fâcha et sa bouche se pinça en une ligne droite.;2852
だけど;「彼女も来る？」「だといいんだけど」;« Elle vient aussi ? » « Je l’espère. »;2860
貯金[ちょきん];今月は赤字だよ。来月から節約しないと貯金が底をついちゃうよ。;Nous sommes dans le rouge ce mois-ci. Si nous ne commençons pas à économiser le mois prochain, nos économies seront épuisées.;2862
九州[きゅうしゅう];九州のりょうりはおいしいです。;La cuisine de Kyushu est délicieuse.;2869
徹夜[てつや];ゆうべは徹夜しました。;ゆうべは徹夜しました。;2872
具体[ぐたい];具体的には何すんの。;Que ferez-vous exactement ?;2875
請求[せいきゅう];電話料金の請求書が届いた。;J'ai reçu une facture de téléphone.;2879
いけない;あそこから、写真を撮ってはいけない。;Il ne faut pas prendre de photos depuis là-bas.;2880
盛り[さかり];あの事故が起こったのは夏の盛りでした;Cet accident s’est produit au cœur de l’été.;2883
ウイスキー;ウイスキーが１本あるんだ。;J'ai une bouteille de whisky.;2886
と言う[という];彼が泥棒と言うことが判明した。;Il s'est avéré que c'était un voleur.;2888
二十[はたち];私は彼女とは二十年以上の知り合いである。;Je la connais depuis plus de vingt ans.;2890
ソファ;ソファーに寝転がってもいい？;Est-ce que je peux m'allonger sur le canapé ?;2893
それと;昨日読んでたのって、フランス語の本？それとも英語の本？;Le livre que vous lisiez hier était-il en français ou en anglais ?;2894
お金持ち[おかねもち];そのおばあさんは彼がお金持ちだと信じている。;La vieille femme croit qu'il est riche.;2898
お目にかかる[おめにかかる];またお目にかかれてうれしいです。;(humble) Je suis content de vous revoir.;2899
にっこり;かのじょ は にっこり ほほえんだ;Elle sourit largement.;2902
できれば;遅れを取り戻す事ができればよいのに。;J'aimerais que nous puissions rattraper le temps perdu.;2908
とんでもない;仕事中に帰るなんてとんでもない。;Je ne supporte pas de rentrer chez moi pendant le travail.;2909
独り[ひとり];彼は独り住居だ。;Il vit seul.;2914
破産[はさん];あの会社は昨年破産しました;Cette entreprise a fait faillite l'année dernière.;2917
奇妙[きみょう];彼から奇妙な話を聞きました;J'ai entendu une histoire étrange de sa part;2918
人ごみ[ひとごみ];彼は人ごみの中をひじでかきわけて進んだ。;Il s'est frayé un chemin à travers la foule en utilisant ses coudes.;2919
唸る[うなる];夕べは３９度の熱があって、ずっと唸っていた。;Le soir, j'avais une fièvre de 39 degrés et je gémissais tout le temps.;2921
十[とお];僕の部屋は狭いっちゃ狭いけど、僕にとっては十分広い。;Ma chambre est petite, mais elle est suffisamment spacieuse pour moi.;2949
ピクニック;きょう は ぴくにっく に いきましょう;Allons pique-niquer aujourd'hui.;2955
おしゃべり;あの男はおしゃべりすぎる。;Cet homme parle trop.;2971
無くてはならない[なくてはならない];お父さんに鍵をもらわなくてはならない。;Je dois aller à la banque à 15h30.;2979
刈る[かる];オーストラリアで羊の毛を刈った。;Les moutons étaient tondus en Australie.;2983
一番線[いちばんせん];3番線、ドアが閉まります。ご注意ください。;Les portes du quai 3 se ferment. Soyez prudents.;3000
分[ぶん];君の熱意は十分に伝わったよ。;Votre enthousiasme était très clair.;3003
不[ふ];私は不平を言わずにはいられない。;Je ne peux m'empêcher de me plaindre.;3010
何が何だか分からない[なにがなんだかわからない];何が何だか分からないよ。;Je ne comprends rien.;3018
無[む];無人機じゃ味気ないだろ。;Les drones, c'est pas amusant, hein ?;3022
節[ふし];熱が出て体の節々が痛んだ;J'avais de la fièvre et toutes les articulations de mon corps me faisaient mal.;3138
年組[ねんくみ];迷っている間にも、どんどん袋小路に追いつめられていくみたい。;Pendant que vous hésitez, vous avez l'impression de vous enfoncer de plus en plus dans une impasse.;3142
ぜひお願いします[ぜひねがいします];ぜひお願いします。;Je vous en prie.;3148
縁[ふち];グラスの縁に口紅がついてしまった;Du rouge à lèvres s’est mis sur le bord du verre.;3154
助けてくれ[たすけてくれ]！;助けてくれ！;Aide-moi!;3158
戴きます[いただきます];戴きます。;J'en prendrai.;3161
綿[わた];綿菓子が大好きなんです。;J'adore la barbe à papa.;3163
有難う[ありがとう];有難うございました。;Merci beaucoup.;3168
結局で、どうなったの[けっきょくで、どうなったの]？;結局で、どうなったの？;Alors, que s'est-il passé à la fin ?;3169
とんでも無い[とんでもない];仕事中に帰るなんてとんでもない。;Je ne supporte pas de rentrer chez moi pendant le travail.;3172
申し訳ありませんでした[もうしわけありませんでした];申し訳ありませんでした。;Je suis vraiment désolé.;3176
銃[じゅう];外出中に、部屋に置いてあった銃が母親に見つかってしまったんです。;Ma mère a trouvé mon arme dans ma chambre pendant que j'étais sorti.;3179
困りましたね[こまりましたね];困りましたね;C'est un problème.;3184
御[お];御免なさい。;Désolé.;3188
支払[しはらい];お支払いはいかがなさいますか？;Comment souhaiteriez-vous payer ?;3205
どう為さいます[どうなさいます];お飲み物はどうなさいますか？;Que voudriez-vous comme boisson ?;3208
これで宜しいでしょうか[これでよろしいでしょうか];これで宜しいでしょうか;Est-ce que ça vous convient ?;3213
そんな筈はありません[そんなはずはありません];そんな筈はありません;Ce n'est pas possible.;3215
其の儘[そのまま];そのまま おまち ください;Veuillez patienter un peu.;3218
其れ共[それとも];コーヒー、それとも紅茶がいいですか。;Que voulez-vous, du café ou bien du thé ?;3219
依ると[よると];ことによると、きみにも一緒にきてもらう。;Selon les circonstances, je pourrais vous demander de venir aussi.;3220
拠る[よる];この病気はウイルスの感染によって起こる。;Cette maladie est causée par une infection virale.;3223
欧羅巴[ヨーロッパ];スイスは中央ヨーロッパにあるよ。;La Suisse se situe en Europe centrale.;3225
トランプをする;彼はトランプをするときがない。;Il ne joue jamais aux cartes.;3229
約[やく];ゴボウは地上約２メートルまでのびます。;Les bardanes poussent à environ deux mètres au-dessus du sol.;3308
複数[ふくすう];アジアの しゅうきょう 宗教から ひらめ 閃きを え 得て、 かれ 彼は ふくすう 複数の すば 素晴らしい ちょうこく 彫刻を うみだ 生み出した。;Asian religions inspire him to create splendid sculptures.;3356
温める[あたためる];いま くるま を あたためています;Je réchauffe la voiture maintenant.;3419
役人[やくにん];あの やくにん 役人たちは ぜんぜん 全然、 ざいせい 財政のことはわかっていない。;Those officials don't understand finance at all.;3421
力強い[ちからづよい];おどりこ 踊り子 たち 達は しろ 白いドレスを き 着てきゃしゃに み 見えますが、 じっさい 実際には かのじょ 彼女たちは うま 馬のように ちからづよ 力強いのです。;Les danseurs ont l'air fluet dans leurs robes blanches, mais en réalité ils sont aussi puissants que des chevaux.;3445
好き嫌い[すききらい];たべもの の すききらい は とくに ありません;Je n'ai pas de goûts ou de dégoûts particuliers en matière de nourriture.;3495
押さえる[おさえる];どあ を おさえて ください;Veuillez tenir la porte.;3506
接する[せっする];このような せっ 接し かた 方の へんか 変化は、 ほか 他の へんか 変化もそうであるが、 ほか 他の くに 国においても おこ 起こっている。;Entre autres changements, ce changement d'attitude s'est également produit dans divers pays.;3508
通貨[つうか];私はこの通貨をよく知っています。;Je connais bien cette monnaie.;3534
侵入[しんにゅう];このコンピュータウィルスは、大晦日の夜に時計の針が12時を告げると、何千台ものパソコンに侵入をするんですよ。;Ce virus informatique va pénétrer des milliers d'ordinateurs sur le coup de minuit le soir du Nouvel An.;3562
逆らう[さからう];かれ 彼は よのふうちょう 世の風潮に さか 逆らう。;He is swimming against the tide.;3584
ご無沙汰[ごぶさた];ご無沙汰しております。;Je ne t'ai pas vu depuis si longtemps.;3613
どうせ;どうせ まにあわない なら ゆっくり いこう;Allons-y doucement car nous ne serons pas à l'heure de toute façon.;3634
浮く[うく];こおり は みず に うきます;La glace flotte sur l'eau.;3642
夫妻[ふさい];きのう の よる しゃちょうごふさい と しょくじ を しました;J'ai dîné avec le président et sa femme hier soir. J'ai été invité chez mon chef de service et chez sa femme.;3662
現に[げんに];現にさっきそう言ったじゃありませんか。;Vous ne l'aviez pas dit il y a quelque temps ?;3666
まあまあ;かれ の せいせき は まあまあ です;Ses résultats sont moyens.;3696
肯定[こうてい];ぼく は かれ の した こと は こうてい できない な;Je ne peux pas être d'accord avec ce qu'il a fait.;3760
別荘[べっそう];この春に別荘を売ってしまうつもりです。;Je prévois de vendre la villa au printemps.;3772
濃度[のうど];あなたの血中アルコール濃度については追って連絡致します。;Je vous reviendrai sur votre taux d'alcoolémie.;3777
心得る[こころえる];このお方をどなたと心得るか。;Est-ce que quelqu'un sait qui est cette femme ?;3804
膨大[ぼうだい];これからこの膨大な資料に目を通さなくてはいけないんだ。;Vous devez désormais jeter un œil à ces énormes documents.;3829
観念[かんねん];彼女は芸術においては素晴らしい美の観念を持っているのに、どうしてあんなに不細工な男性と付き合っているのかが理解できない。;Elle a un sens aigu de la beauté pour l'art, donc je ne comprends pas comment elle sort avec un gars aussi laid.;3858
斬る[きる];その侍は、早口言葉が上手く言えなければお前の舌を斬るぞ、と私に言いました。;Le samouraï m'a dit qu'il me couperait la langue si je ne pouvais pas dire le virelangue correctement.;3868
交ぜる[まぜる];わたし も まぜて ください;Veuillez m'inclure.;3886
宴会[えんかい];宴会で嫌な奴とお酒を飲むのは、会議で議事録を記録するより退屈な仕事だ。;Boire de l'alcool avec quelqu'un que vous n'aimez pas lors d'un dîner est une tâche beaucoup plus fastidieuse que d'enregistrer le déroulement d'une réunion.;3917
帰宅[きたく];夜の11時に帰宅しました。;Je suis rentré à la maison à 23 heures.;3918
すっきり;よく ねむったら きぶん が すっきり した;Je me sentais beaucoup mieux après une bonne nuit de sommeil.;3921
着々[ちゃくちゃく];その会社員は、いつも着々と仕事をこなしていた。;Cet employé de bureau a toujours accompli ses tâches régulièrement.;4038
怒鳴る[どなる];「キンニクマってよく怒鳴るよね。」「そうだね。でも、心配しないで。彼は口は悪いけど根は悪い人ではないから。」;Kinnikuma crie beaucoup. « Ouais, mais ne t'inquiète pas. Son aboiement est pire que sa morsure.;4069
鉱物[こうぶつ];これは今までで最高の鉱物さ。これに敵うものはないね。;C'est le meilleur minéral que j'ai jamais vu. Rien ne peut l'égaler.;4079
睨む[にらむ];かのじょ は わたし を にらんだ の;Elle m'a lancé un regard noir.;4083
うろうろ;その おとこ は ろびー を しばらく うろうろ して いた よ;Cet homme a erré dans le hall pendant un moment.;4100
ぶら下げる[ぶらげるさげる];かれ は くび に かめら を ぶらさげて いる ね;Il a une caméra autour du cou.;4101
漁師[りょうし];私はその漁師を知っていますよ。私の義理の兄ですから。;Je connais ce pêcheur parce que c'est mon beau-frère.;4104
嗅ぐ[かぐ];いぬ が おさら の におい を くんくん かいで いる ね;Le chien renifla l'odeur de l'assiette.;4114
推定[すいてい];そのサバンの男は群衆の規模を534人と推定したのだが、実際の数とピッタリ当っていた。;Le gars, qui est un savant, a estimé l'ampleur de la foule à 534 personnes et il avait tout à fait raison.;4142
古典[こてん];こてん 古典の ぶんがくしょ 文学書を よ 読むことは かち 価値のあることです。;Il est intéressant de lire des ouvrages classiques de littérature.;4143
匂う[におう];ばら の はな が あまく におって いる ね;Les fleurs roses sentent bon.;4145
クーラー;あつい の で くーらー を つけました;J'ai allumé la climatisation car il faisait chaud.;4146
傑作[けっさく];これはピカソの傑作だね。;C'est le chef-d'œuvre de Picasso.;4148
散らかる[ちらかる];おとうと の へや は いつも ちらかって いる ん だ;La chambre de mon petit frère est toujours en désordre.;4150
拡張[かくちょう];その かいしゃ は てんぽ を かくちょう して います ね;L'entreprise agrandit le magasin.;4151
主語[しゅご];主語をハッキリさせてくれないかな。;Pouvez-vous éclaircir le sujet ?;4165
破片[はへん];地面はガラスの破片だらけなので、気をつけて下さい。;Le sol est recouvert de fragments de verre, alors soyez prudent.;4177
関西[かんさい];マイケルは、関西一の芸人としての地位を固めつつある。;Michael a consolidé sa position de comédien numéro un du Kansai.;4184
